{"keyset":{"lweSecretKeys":[{"id":0,"params":{"lweDimension":1436,"integerPrecision":64,"keyType":"binary"}}],"lweBootstrapKeys":[],"lweKeyswitchKeys":[],"packingKeyswitchKeys":[]},"circuits":[{"inputs":[{"rawInfo":{"shape":{"dimensions":[1,1024,1437]},"integerPrecision":64,"isSigned":false},"typeInfo":{"lweCiphertext":{"abstractShape":{"dimensions":[1,1024]},"concreteShape":{"dimensions":[1,1024,1437]},"integerPrecision":64,"encryption":{"keyId":0,"variance":6.284720592498971e-22,"lweDimension":1436,"modulus":{"modulus":{"native":{}}}},"compression":"none","encoding":{"integer":{"width":20,"isSigned":true,"mode":{"native":{}}}}}}}],"outputs":[{"rawInfo":{"shape":{"dimensions":[1,1,1437]},"integerPrecision":64,"isSigned":false},"typeInfo":{"lweCiphertext":{"abstractShape":{"dimensions":[1,1]},"concreteShape":{"dimensions":[1,1,1437]},"integerPrecision":64,"encryption":{"keyId":0,"variance":6.284720592498971e-22,"lweDimension":1436,"modulus":{"modulus":{"native":{}}}},"compression":"none","encoding":{"integer":{"width":20,"isSigned":false,"mode":{"native":{}}}}}}}],"name":"main"}]}